mathias2053@rolfson.com,Nicole,713.641.6305
alessandro2057@erdman.biz,Natália,881.983.2203
roscoe2012@christiansen.name,Mirella,(913) 601-4507
juston2010@lueilwitz.info,Davi Luiz,(946) 982-1689
jana1911@daniel.org,Amanda,531.742.2387
charity.schulist@wilderman.org,Pedro Lucas,559/432-7905
eino_corkery@fadel.name,Giovanna,839/787-5806
barton1920@hintz.net,Leonardo,837/793-2462
craig.harber@kshlerin.net,Yango,452-769-5559
clair1901@carroll.biz,Lorenzo,378/644-0933
gerry2066@monahan.net,Pérola,635.993.7400
halie1975@gulgowski.biz,Isadora,389-343-6046
spencer.russel@ferry.net,Manuela,538/606-5621
webster1981@will.com,Francisca,7098444414
althea.rice@johnson.net,Arthur Miguel,575/304-9924
rebeka2081@bosco.com,Ian,(512) 773-7646
chyna_okeefe@schmitt.info,Vitor,920/839-5275
cory1958@collins.name,Bruno,(886) 716-0227
scot.hansen@lynch.biz,Maria Júlia,504/565-1180
jo2006@bechtelar.name,Yango,251-687-3664
mathew_osinski@schultz.org,Mariana,(884) 367-7035
lulu_herzog@stoltenberg.net,Emanuel,501.524.1725
aletha1990@turner.biz,Lucas Gabriel,7325273310
sarai2095@ankunding.info,Maria Júlia,256/995-8250
hector2065@collins.name,Breno,7462458034
crystal2003@macejkovic.com,Marli,433/829-8745
josiah2010@lang.org,Danilo,(682) 536-5539
jaquan_jenkins@senger.name,Ana Clara,2107624379
weston.schoen@white.org,Fabiano,(725) 303-6388
katherine.prohaska@okon.com,Isabel,587-852-6878
jess_runolfsdottir@weissnat.org,Luana,756.719.0680
kimberly.waters@dietrich.name,Guilherme,6598887763
tia2026@beahan.net,Clarice,302/277-9262
cleora2018@kunde.info,Elisa,(350) 729-2706
rosalind2056@christiansen.info,Melissa,706.409.5025
stewart.macgyver@collier.net,Luiz Henrique,(408) 663-2479
simone2076@howell.name,Yuri,900/591-5170
trace_kris@sporer.com,Ana Laura,(273) 544-2177
maya.trantow@schuster.biz,Laura,510-274-1737
adell2013@ledner.biz,Emanuelly,330/923-4763
natalie_halvorson@leuschke.net,Pedro Henrique,7024910089
queen1994@jakubowski.info,Yasmin,586.237.0421
gloria2049@macgyver.com,Kauê,(381) 468-1615
shad_conn@ritchie.biz,Núbia,(818) 273-6677
susie.sawayn@brown.info,Maria Vitória,341-816-5109
emilie1961@brakus.info,Joao,9217286011
sierra1918@pagac.biz,Maria Valentina,354/735-9479
kattie.schowalter@hintz.com,Ana Laura,846/425-8764
marlene.ratke@hessel.net,Sarah,7417265486
salma_brakus@rosenbaum.com,Ana Vitória,542.388.2204
shawna_gleichner@dach.biz,Lívia,(319) 301-8191
abigail1920@considine.biz,Carlos,(603) 985-9993
arvilla2080@sipes.net,João Miguel,710/489-6086
joana_erdman@beatty.biz,Luiz Felipe,2104358699
antoinette2036@bradtke.name,Vitória,523.903.0245
shanon2011@ryan.biz,Karla,2418199272
arden_keeling@murphy.biz,Clarice,643.552.5317
charlene1974@ankunding.net,Lorraine,9082429438
jackeline2066@macgyver.com,Bernardo,373-923-8830
lessie.mills@gusikowski.info,Fábio,9834431218
raegan2038@lehner.com,Nathan,969/341-1984
alexandre1913@lockman.info,Ana Luiza,615.291.8215
grant2067@ohara.net,Antonia,7379952065
christopher1935@littel.net,Mariana,288-969-6207
lucinda_halvorson@wolf.biz,Joana,7566141404
bailey_kohler@doyle.name,Otávio,(671) 646-3557
christ.bode@renner.com,Meire,785/455-9310
declan.emard@anderson.biz,Carlos Eduardo,417/838-0541
kenyon2051@torp.com,Norberto,587.247.0890
clifton.berge@legros.info,Maya,663/619-6458
elise.conn@blanda.net,Rafael,3777652511
daija1957@yost.info,Márcio,207/855-0419
lina.herman@donnelly.info,Natália,9735477330
geo2048@collier.name,Henry,340-962-1852
jaren1998@ullrich.net,Luiz Gustavo,(824) 967-8006
litzy2038@hermann.org,Luiz Gustavo,424/529-1024
giuseppe2011@bauch.info,Luiz Felipe,835-607-9335
maynard.grady@rice.net,Rebeca,6772647654
monte.reilly@pollich.info,André,470.991.1314
meredith.jerde@feil.net,Isaac,763.287.6093
cornell2010@powlowski.name,Roberto,860/856-1630
ward2006@mitchell.name,Giulia,656/935-0462
lisandro_ankunding@towne.net,Thomas,753-648-6017
abdullah.altenwerth@rowe.org,Maria Valentina,812.945.2418
jovan_swaniawski@jaskolski.name,Ayla,711-298-1838
raphael1976@kuvalis.biz,Lívia,203.492.9745
denis_cremin@veum.biz,Fábio,316/394-6955
kiana2060@leffler.net,Vicente,645/293-2534
trystan1945@cummerata.com,Davi,939-698-7447
faustino_senger@huels.biz,Antonia,266/799-5276
colleen_lueilwitz@kub.name,Bianca,(732) 775-8864
joana.rice@mclaughlin.net,Pablo,937/306-8300
heath.sawayn@kuhic.info,Joaquim,337/501-6022
keeley1934@wolf.name,Maria Júlia,8739136666
kira_kautzer@kassulke.com,Letícia,301-276-1033
lura.steuber@schowalter.biz,Felícia,8129260330
giovani1941@jaskolski.com,Milena,643/494-4147
kathryne.oconner@davis.info,Luiz,(759) 945-8535
clovis_littel@schamberger.net,Olívia,(805) 359-2264
julio_grant@hermiston.com,Eduarda,8436417868
buck.runte@bednar.biz,Célia,344/928-9520
haylie1919@macejkovic.org,Pablo,(307) 766-2197
camron1962@feeney.org,Guilherme,446.642.9820
anabel.smitham@jones.org,Karla,8075263423
ronaldo1994@jaskolski.name,Rebeca,815-404-7474
frederique1960@russel.com,Isabella,9562920068
hellen2063@oconnell.info,Sophie,7497144886
barbara2007@jacobson.biz,Djalma,641-571-0044
garret2057@gutmann.biz,Rodrigo,(318) 854-1672
cordia.goldner@pollich.name,Alessandra,589/414-8586
ernie.klein@witting.com,Vitor Hugo,9394458315
adriana.blanda@prohaska.info,Ana Clara,840/933-0156
tyree1963@bradtke.org,Noah,(909) 422-0965
abigale_jenkins@leuschke.name,Maria Eduarda,955-816-8572
shea1999@botsford.info,Luiz,559.808.3747
daniela.schuppe@bradtke.name,Luiz Felipe,(328) 889-5795
diamond1999@mayer.info,Morgana,743-899-1320
felicia2078@haag.net,João Gabriel,300/494-1919
jordi_sawayn@bogisich.info,Allana,(881) 505-0457
simone_goldner@berge.info,Sarah,(301) 215-1220
theron2003@beier.name,Fabrício,280/776-3512
vesta.nitzsche@torp.biz,Gabrielly,7713978705
austen.ankunding@jakubowski.org,Maria Alice,(331) 427-0565
juanita1943@collier.org,Sílvia,889.874.5779
ibrahim.zieme@bernhard.info,Tertuliano,8094569970
craig.douglas@waelchi.org,Henrique,(416) 816-6835
maximilian1905@kuhic.info,Matheus,4697217969
grady2027@runolfsson.info,Raul,(267) 643-4870
kathleen1953@murphy.name,Paula,771-201-5964
brooks.kreiger@quigley.net,Marcela,308.806.8892
murray2098@connelly.info,Benício,2738748910
yvonne.swaniawski@towne.org,Gael,9753288652
elmira2097@okeefe.biz,Thomas,(487) 536-5928
reta.carroll@pagac.biz,Oliver,(511) 574-5513
brooke.west@predovic.name,Igor,9429344215
theodora_luettgen@dickinson.org,Cecília,240-356-6811
fabian_kozey@oreilly.org,Isabel,259-459-0352
delilah.braun@hettinger.net,Marina,735/703-7425
blanche_nader@pollich.com,Bruno,(774) 325-0877
barton2044@larson.org,Núbia,718.538.0626
jaeden1995@jones.net,Felipe,252.407.2405
gerhard_reilly@mcclure.net,Rebeca,(357) 245-9187
darron_anderson@simonis.biz,Marcela,251.887.3518
brooks1948@sipes.org,Giulia,(672) 779-3119
brooks2012@lowe.org,Janaína,4059081351
jackie2094@predovic.com,Maria Laura,766/697-1426
deon_wyman@weimann.biz,Fabrício,715-936-5624
kamren.schamberger@dietrich.biz,Henrique,3476313257
patricia.bergnaum@grimes.org,Warley,4484583089
hobart.okon@farrell.biz,Salvador,(824) 716-2129
crystel_effertz@morissette.name,Tomás,459.882.4004
cortez_sawayn@rempel.net,Felipe,673/443-9584
duncan2099@steuber.org,Aurora,406-627-0855
lucienne_kozey@osinski.info,Janaína,2532450419
emilia.heathcote@boehm.biz,Maria,874.827.9046
mellie2025@hegmann.com,Sophie,836/751-0559
jordi_wolff@kling.com,Mirella,(509) 346-6198
desmond.reynolds@franecki.biz,Marcia,(573) 392-7077
schuyler1931@green.com,Gabriel,578.806.3409
kailee.daugherty@kunde.org,Frederico,337/944-2522
bryon2012@waters.net,Raul,479-603-7720
samantha1976@harvey.name,Thiago,712/802-5816
junius.west@harber.com,Bento,5817653295
dale.friesen@koelpin.biz,João,529.436.6932
lucinda_shields@cartwright.net,Bernardo,483-915-5055
aurore2017@gorczany.info,Antônio,429.496.7081
judy1928@blanda.net,Giulia,551/702-0645
dana2021@konopelski.net,Maria Alice,766-594-1476
marlin.hackett@tillman.com,Júlio,622-532-9403
carlee.gerlach@kuhn.info,Isabelly,8488361649
lilliana1980@prosacco.name,Márcio,813.231.4511
remington2017@yost.net,Tertuliano,707/443-9787
floy_thiel@hackett.name,Isis,506/938-7851
ethyl1994@mills.org,Ana Luiza,5707697261
maximus1976@hodkiewicz.biz,Maria Luiza,714.995.3875
karelle_macgyver@kunde.net,Heloísa,485/908-1907
clara_jast@lueilwitz.biz,Kaique,921/524-6342
bill.mosciski@hamill.info,Adriana,911/442-7396
ali.padberg@leannon.net,Washington,(668) 668-8597
rory.brekke@shanahan.net,Liz,402.675.1884
oswaldo_gulgowski@fritsch.name,Agatha,(246) 342-6105
freddy_moore@weber.name,Fabrício,537/779-2353
hunter1906@heathcote.com,Sarah,784.232.9411
delaney1959@kassulke.info,Ana Lívia,(719) 331-3857
oswaldo_roberts@price.net,Célia,2805976942
jessy_mayer@conroy.info,Calebe,4015735661
stewart1986@hamill.biz,Joao,575-662-2683
hershel_rippin@douglas.com,Lorena,304/571-3461
rowan1914@bergnaum.com,Sarah,812-712-4702
lorenzo.jaskolski@turner.name,Gael,278/654-4180
judge1995@cummings.name,Washington,929/421-2219
orpha.jerde@mertz.biz,Nicole,714/877-5865
trinity_rice@conroy.name,Heloísa,8885255194
dillan_schumm@krajcik.name,Nataniel,783-361-2574
durward.durgan@hilll.net,Emilly,(703) 545-1338
lester1947@friesen.org,Márcio,522-544-3767
forest.johnson@okuneva.biz,Stella,(684) 837-1701
sydney1977@mitchell.org,Ana Vitória,618-401-6358
christian2091@kirlin.com,Luiz,636-553-8250
guy.gorczany@kreiger.name,Pedro,554/568-0624
das@gmail.com,dsa,221312312
dsadsada@gmail.com,dsa,4.64
lfa.luisfelipe@gmail.com,felipe,21972214682
